campaign_id,merchant_id,merchant_category,merchant_size,campaign_type,target_segment,discount_type,discount_value,budget,revenue_before,actual_lift_percent,roi,is_recommended_success
camp-0001,m-001,Food & Beverage,MICRO,EVENING_REVIVAL,Inactive Regulars (312 customers) + Evening commuters,FLAT,16.0,4200.0,308190.14,27.2,9.6,True
camp-0002,m-001,Food & Beverage,MICRO,BASKET_SIZE_UPSELL,Weekend Shoppers,FLAT,50.0,3500.0,340988.07,4.5,0.34,False
camp-0003,m-002,Electronics,SMALL,CUSTOM,Dormant Regulars,PERCENTAGE,20.0,4200.0,298605.89,13.1,3.75,True
camp-0004,m-002,Electronics,SMALL,BASKET_SIZE_UPSELL,Dormant Regulars,PERCENTAGE,15.0,4200.0,216718.69,20.0,6.4,True
camp-0005,m-002,Electronics,SMALL,CUSTOM,Loyal Champions,PERCENTAGE,20.0,2500.0,220057.7,5.8,0.35,False
camp-0006,m-002,Electronics,SMALL,CUSTOM,Evening Commuters,PERCENTAGE,10.0,1500.0,222324.19,24.1,9.34,True
camp-0007,m-003,Grocery,MEDIUM,WEEKEND_SURGE,Dormant Regulars,PERCENTAGE,20.0,5500.0,297664.08,13.2,8.82,True
camp-0008,m-003,Grocery,MEDIUM,WEEKEND_SURGE,Loyal Champions,PERCENTAGE,20.0,1500.0,319391.0,29.9,7.2,True
camp-0009,m-003,Grocery,MEDIUM,SEASONAL_SPECIAL,Weekend Shoppers,FLAT,50.0,1500.0,268641.09,25.3,5.97,True
camp-0010,m-003,Grocery,MEDIUM,RETENTION_WINBACK,Weekend Shoppers,PERCENTAGE,25.0,4200.0,232992.06,26.3,7.87,True
camp-0011,m-004,Fashion,SMALL,BASKET_SIZE_UPSELL,All Lapsed Customers,PERCENTAGE,30.0,5000.0,194693.3,3.2,-0.45,False
camp-0012,m-004,Fashion,SMALL,WEEKEND_SURGE,All Lapsed Customers,PERCENTAGE,30.0,5000.0,233063.01,3.2,-0.45,False
camp-0013,m-005,Grocery,MICRO,RETENTION_WINBACK,Evening Commuters,PERCENTAGE,10.0,4200.0,192871.5,17.8,9.65,True
camp-0014,m-005,Grocery,MICRO,CUSTOM,Weekend Shoppers,PERCENTAGE,20.0,7500.0,229282.18,22.4,4.61,True
camp-0015,m-006,Services,MICRO,CUSTOM,Loyal Champions,PERCENTAGE,15.0,2500.0,214017.31,23.2,4.87,True
camp-0016,m-006,Services,MICRO,BASKET_SIZE_UPSELL,Weekend Shoppers,PERCENTAGE,10.0,2500.0,348516.4,5.5,-0.34,False
camp-0017,m-006,Services,MICRO,CUSTOM,Weekend Shoppers,FLAT,50.0,3500.0,349909.1,17.1,7.99,True
camp-0018,m-007,Electronics,MEDIUM,CUSTOM,Dormant Regulars,PERCENTAGE,15.0,7500.0,233251.39,23.6,7.43,True
camp-0019,m-007,Electronics,MEDIUM,EVENING_REVIVAL,Loyal Champions,PERCENTAGE,20.0,3500.0,275608.51,12.5,7.25,True
camp-0020,m-007,Electronics,MEDIUM,SEASONAL_SPECIAL,Loyal Champions,PERCENTAGE,20.0,1500.0,280756.7,14.0,6.26,True
camp-0021,m-008,Fashion,SMALL,CUSTOM,Loyal Champions,PERCENTAGE,15.0,5500.0,190244.74,4.5,0.97,False
camp-0022,m-008,Fashion,SMALL,CUSTOM,Weekend Shoppers,FLAT,49.0,4200.0,325242.9,23.2,5.05,True
camp-0023,m-009,Food & Beverage,SMALL,CUSTOM,Loyal Champions,PERCENTAGE,25.0,7500.0,264420.69,10.2,0.6,False
camp-0024,m-009,Food & Beverage,SMALL,CUSTOM,Weekend Shoppers,PERCENTAGE,20.0,2500.0,317994.55,17.9,9.41,True
camp-0025,m-010,Food & Beverage,MEDIUM,WEEKEND_SURGE,Evening Commuters,PERCENTAGE,25.0,3500.0,305312.92,6.9,0.2,False
camp-0026,m-010,Food & Beverage,MEDIUM,WEEKEND_SURGE,Weekend Shoppers,PERCENTAGE,10.0,1500.0,270871.43,8.7,0.42,False
camp-0027,m-011,Food & Beverage,MICRO,EVENING_REVIVAL,Dormant Regulars,PERCENTAGE,20.0,3500.0,229691.71,12.2,4.1,True
camp-0028,m-011,Food & Beverage,MICRO,SEASONAL_SPECIAL,Loyal Champions,PERCENTAGE,20.0,2500.0,227310.98,18.1,3.63,True
camp-0029,m-011,Food & Beverage,MICRO,BASKET_SIZE_UPSELL,Weekend Shoppers,FLAT,50.0,1500.0,212207.03,15.5,6.08,True
camp-0030,m-012,Beauty & Personal Care,MICRO,RETENTION_WINBACK,Loyal Champions,FLAT,50.0,5500.0,309964.89,9.6,0.87,False
camp-0031,m-012,Beauty & Personal Care,MICRO,CUSTOM,Evening Commuters,FLAT,49.0,3500.0,296607.61,12.0,8.03,True
camp-0032,m-012,Beauty & Personal Care,MICRO,SEASONAL_SPECIAL,Dormant Regulars,PERCENTAGE,25.0,4200.0,223253.93,20.3,8.23,True
camp-0033,m-013,Fashion,MICRO,CUSTOM,Weekend Shoppers,PERCENTAGE,25.0,4200.0,182529.35,17.5,8.76,True
camp-0034,m-013,Fashion,MICRO,WEEKEND_SURGE,Loyal Champions,PERCENTAGE,25.0,7500.0,328814.29,13.3,4.55,True
camp-0035,m-014,Electronics,MICRO,RETENTION_WINBACK,Dormant Regulars,PERCENTAGE,20.0,2500.0,268434.16,19.6,9.66,True
camp-0036,m-014,Electronics,MICRO,CUSTOM,Dormant Regulars,PERCENTAGE,20.0,2500.0,224464.8,22.3,4.65,True
camp-0037,m-014,Electronics,MICRO,SEASONAL_SPECIAL,Evening Commuters,FLAT,49.0,2500.0,237714.88,5.9,0.26,False
camp-0038,m-015,Food & Beverage,SMALL,CUSTOM,Dormant Regulars,PERCENTAGE,15.0,2500.0,185703.38,5.6,0.6,False
camp-0039,m-015,Food & Beverage,SMALL,CUSTOM,Dormant Regulars,PERCENTAGE,20.0,7500.0,274013.31,13.8,6.93,True
camp-0040,m-015,Food & Beverage,SMALL,RETENTION_WINBACK,Loyal Champions,PERCENTAGE,15.0,1500.0,244188.56,19.3,6.92,True
camp-0041,m-015,Food & Beverage,SMALL,CUSTOM,Weekend Shoppers,FLAT,49.0,3500.0,272141.14,9.6,0.49,False
camp-0042,m-016,Services,MEDIUM,EVENING_REVIVAL,Evening Commuters,PERCENTAGE,20.0,3500.0,263572.34,16.9,6.64,True
camp-0043,m-016,Services,MEDIUM,WEEKEND_SURGE,Weekend Shoppers,FLAT,49.0,1500.0,211411.18,12.9,4.95,True
camp-0044,m-016,Services,MEDIUM,EVENING_REVIVAL,Evening Commuters,PERCENTAGE,20.0,1500.0,257571.94,12.0,7.32,True
camp-0045,m-016,Services,MEDIUM,CUSTOM,Evening Commuters,FLAT,50.0,1500.0,247446.05,3.9,0.56,False
camp-0046,m-017,Pharmacy,MICRO,BASKET_SIZE_UPSELL,Weekend Shoppers,PERCENTAGE,10.0,5500.0,224319.19,5.5,-0.24,False
camp-0047,m-017,Pharmacy,MICRO,RETENTION_WINBACK,Evening Commuters,PERCENTAGE,20.0,2500.0,206326.64,5.1,0.65,False
camp-0048,m-018,Food & Beverage,MEDIUM,EVENING_REVIVAL,Loyal Champions,PERCENTAGE,25.0,4200.0,293899.56,19.5,9.68,True
camp-0049,m-018,Food & Beverage,MEDIUM,RETENTION_WINBACK,Evening Commuters,PERCENTAGE,20.0,2500.0,278846.4,13.1,7.15,True
camp-0050,m-019,Food & Beverage,SMALL,SEASONAL_SPECIAL,Dormant Regulars,FLAT,50.0,3500.0,342467.39,25.9,7.25,True
camp-0051,m-019,Food & Beverage,SMALL,CUSTOM,Loyal Champions,PERCENTAGE,15.0,5500.0,297270.55,4.9,0.33,False
camp-0052,m-020,Food & Beverage,MEDIUM,BASKET_SIZE_UPSELL,Dormant Regulars,PERCENTAGE,25.0,5500.0,248667.09,14.5,4.05,True
camp-0053,m-020,Food & Beverage,MEDIUM,EVENING_REVIVAL,Weekend Shoppers,FLAT,49.0,4200.0,238281.78,14.1,7.83,True
camp-0054,m-020,Food & Beverage,MEDIUM,SEASONAL_SPECIAL,Evening Commuters,PERCENTAGE,20.0,1500.0,302024.66,13.5,8.89,True
camp-0055,m-021,Grocery,MICRO,CUSTOM,Evening Commuters,PERCENTAGE,25.0,1500.0,232750.28,15.7,4.39,True
camp-0056,m-021,Grocery,MICRO,EVENING_REVIVAL,Evening Commuters,FLAT,50.0,5500.0,185092.06,29.6,4.88,True
camp-0057,m-021,Grocery,MICRO,CUSTOM,Evening Commuters,FLAT,50.0,4200.0,185029.14,5.5,1.17,False
camp-0058,m-021,Grocery,MICRO,SEASONAL_SPECIAL,Loyal Champions,PERCENTAGE,10.0,4200.0,333186.07,15.9,7.71,True
camp-0059,m-022,Fashion,SMALL,EVENING_REVIVAL,Loyal Champions,PERCENTAGE,10.0,5500.0,305344.32,27.1,3.83,True
camp-0060,m-022,Fashion,SMALL,CUSTOM,Evening Commuters,PERCENTAGE,20.0,2500.0,217776.48,3.8,-0.33,False
camp-0061,m-023,Grocery,MEDIUM,WEEKEND_SURGE,Loyal Champions,FLAT,49.0,4200.0,192896.89,8.1,1.14,False
camp-0062,m-023,Grocery,MEDIUM,RETENTION_WINBACK,Loyal Champions,PERCENTAGE,25.0,5500.0,300028.88,20.6,8.27,True
camp-0063,m-023,Grocery,MEDIUM,RETENTION_WINBACK,Evening Commuters,PERCENTAGE,25.0,2500.0,189822.24,14.7,8.83,True
camp-0064,m-023,Grocery,MEDIUM,EVENING_REVIVAL,Evening Commuters,FLAT,49.0,5500.0,305537.63,10.4,0.31,False
camp-0065,m-024,Grocery,MICRO,WEEKEND_SURGE,Evening Commuters,PERCENTAGE,25.0,3500.0,248837.61,29.8,6.73,True
camp-0066,m-024,Grocery,MICRO,BASKET_SIZE_UPSELL,Weekend Shoppers,PERCENTAGE,25.0,5500.0,285078.48,23.1,8.12,True
camp-0067,m-024,Grocery,MICRO,RETENTION_WINBACK,Weekend Shoppers,PERCENTAGE,15.0,1500.0,304359.36,4.5,-0.22,False
camp-0068,m-025,Fashion,MICRO,CUSTOM,Weekend Shoppers,PERCENTAGE,20.0,7500.0,327053.38,8.3,0.91,False
camp-0069,m-025,Fashion,MICRO,BASKET_SIZE_UPSELL,Weekend Shoppers,PERCENTAGE,15.0,7500.0,257537.96,13.4,5.53,True
camp-0070,m-025,Fashion,MICRO,EVENING_REVIVAL,Evening Commuters,PERCENTAGE,25.0,3500.0,307364.98,18.8,5.96,True
camp-0071,m-025,Fashion,MICRO,RETENTION_WINBACK,Dormant Regulars,FLAT,49.0,2500.0,344571.61,3.9,-0.5,False
camp-0072,m-026,Food & Beverage,MICRO,RETENTION_WINBACK,Weekend Shoppers,PERCENTAGE,20.0,1500.0,335626.31,10.5,0.3,False
camp-0073,m-026,Food & Beverage,MICRO,RETENTION_WINBACK,Dormant Regulars,FLAT,50.0,4200.0,193737.21,25.6,5.69,True
camp-0074,m-027,Grocery,SMALL,CUSTOM,Loyal Champions,PERCENTAGE,15.0,5500.0,330177.38,13.0,8.19,True
camp-0075,m-027,Grocery,SMALL,CUSTOM,Weekend Shoppers,FLAT,50.0,1500.0,282677.18,17.5,9.6,True
camp-0076,m-027,Grocery,SMALL,RETENTION_WINBACK,Dormant Regulars,PERCENTAGE,20.0,7500.0,220559.59,10.8,0.41,False
camp-0077,m-027,Grocery,SMALL,EVENING_REVIVAL,Dormant Regulars,PERCENTAGE,15.0,5500.0,340532.01,9.3,0.9,False
camp-0078,m-028,Grocery,SMALL,CUSTOM,Weekend Shoppers,FLAT,50.0,4200.0,194829.54,14.6,9.1,True
camp-0079,m-028,Grocery,SMALL,WEEKEND_SURGE,Loyal Champions,PERCENTAGE,10.0,5500.0,315787.19,14.8,7.29,True
camp-0080,m-028,Grocery,SMALL,SEASONAL_SPECIAL,Weekend Shoppers,PERCENTAGE,10.0,2500.0,289522.4,30.6,5.66,True
camp-0081,m-029,Grocery,SMALL,EVENING_REVIVAL,Dormant Regulars,PERCENTAGE,25.0,1500.0,230999.77,17.8,7.62,True
camp-0082,m-029,Grocery,SMALL,SEASONAL_SPECIAL,Evening Commuters,FLAT,49.0,1500.0,309480.92,19.8,6.88,True
camp-0083,m-030,Pharmacy,MICRO,WEEKEND_SURGE,Evening Commuters,PERCENTAGE,15.0,3500.0,273318.4,5.7,0.29,False
camp-0084,m-030,Pharmacy,MICRO,BASKET_SIZE_UPSELL,Dormant Regulars,FLAT,49.0,2500.0,243611.36,25.2,3.85,True
camp-0085,m-031,Food & Beverage,SMALL,EVENING_REVIVAL,Weekend Shoppers,PERCENTAGE,15.0,7500.0,333046.44,6.3,1.12,False
camp-0086,m-031,Food & Beverage,SMALL,CUSTOM,Loyal Champions,PERCENTAGE,20.0,2500.0,309638.8,19.2,4.17,True
camp-0087,m-031,Food & Beverage,SMALL,SEASONAL_SPECIAL,Weekend Shoppers,FLAT,49.0,1500.0,194859.57,9.9,1.06,False
camp-0088,m-031,Food & Beverage,SMALL,BASKET_SIZE_UPSELL,Weekend Shoppers,PERCENTAGE,15.0,7500.0,242383.76,3.1,-0.29,False
camp-0089,m-032,Fashion,SMALL,EVENING_REVIVAL,Loyal Champions,PERCENTAGE,20.0,7500.0,336549.58,4.3,1.11,False
camp-0090,m-032,Fashion,SMALL,RETENTION_WINBACK,Loyal Champions,PERCENTAGE,10.0,3500.0,234397.26,22.0,8.79,True
camp-0091,m-032,Fashion,SMALL,SEASONAL_SPECIAL,Weekend Shoppers,PERCENTAGE,20.0,1500.0,323320.83,3.4,0.42,False
camp-0092,m-032,Fashion,SMALL,CUSTOM,Weekend Shoppers,PERCENTAGE,10.0,7500.0,261492.55,2.9,-0.51,False
camp-0093,m-033,Fashion,SMALL,BASKET_SIZE_UPSELL,Weekend Shoppers,PERCENTAGE,15.0,3500.0,230245.26,18.2,6.79,True
camp-0094,m-033,Fashion,SMALL,CUSTOM,Loyal Champions,FLAT,50.0,5500.0,182562.73,14.6,4.86,True
camp-0095,m-033,Fashion,SMALL,RETENTION_WINBACK,Loyal Champions,PERCENTAGE,20.0,2500.0,260471.45,22.9,4.02,True
camp-0096,m-033,Fashion,SMALL,SEASONAL_SPECIAL,Weekend Shoppers,FLAT,49.0,2500.0,322668.16,12.8,5.46,True
camp-0097,m-034,Food & Beverage,MICRO,WEEKEND_SURGE,Dormant Regulars,FLAT,50.0,7500.0,290664.89,7.2,0.21,False
camp-0098,m-034,Food & Beverage,MICRO,CUSTOM,Evening Commuters,PERCENTAGE,10.0,2500.0,273079.04,14.6,7.7,True
camp-0099,m-034,Food & Beverage,MICRO,EVENING_REVIVAL,Loyal Champions,PERCENTAGE,20.0,2500.0,304731.89,21.9,9.49,True
camp-0100,m-034,Food & Beverage,MICRO,SEASONAL_SPECIAL,Evening Commuters,FLAT,50.0,5500.0,318436.79,15.1,4.85,True
camp-0101,m-035,Fashion,MICRO,CUSTOM,Evening Commuters,PERCENTAGE,20.0,7500.0,331544.59,6.7,0.58,False
camp-0102,m-035,Fashion,MICRO,SEASONAL_SPECIAL,Evening Commuters,FLAT,49.0,2500.0,256484.84,8.8,0.44,False
camp-0103,m-036,Food & Beverage,MICRO,RETENTION_WINBACK,Dormant Regulars,PERCENTAGE,10.0,3500.0,287002.23,6.8,-0.14,False
camp-0104,m-036,Food & Beverage,MICRO,CUSTOM,Dormant Regulars,PERCENTAGE,25.0,7500.0,316267.39,19.5,6.3,True
camp-0105,m-037,Food & Beverage,MEDIUM,EVENING_REVIVAL,Dormant Regulars,FLAT,50.0,5500.0,214495.11,4.0,-0.17,False
camp-0106,m-037,Food & Beverage,MEDIUM,WEEKEND_SURGE,Evening Commuters,PERCENTAGE,25.0,5500.0,197008.45,18.7,4.33,True
camp-0107,m-037,Food & Beverage,MEDIUM,CUSTOM,Loyal Champions,FLAT,50.0,1500.0,325617.25,13.5,6.61,True
camp-0108,m-037,Food & Beverage,MEDIUM,RETENTION_WINBACK,Dormant Regulars,PERCENTAGE,10.0,7500.0,243235.78,18.5,5.18,True
camp-0109,m-038,Services,SMALL,SEASONAL_SPECIAL,Loyal Champions,PERCENTAGE,20.0,2500.0,232834.63,5.3,0.9,False
camp-0110,m-038,Services,SMALL,WEEKEND_SURGE,Evening Commuters,FLAT,50.0,5500.0,328805.72,12.2,9.12,True
camp-0111,m-038,Services,SMALL,CUSTOM,Weekend Shoppers,FLAT,50.0,4200.0,180973.18,11.1,0.93,False
camp-0112,m-038,Services,SMALL,EVENING_REVIVAL,Evening Commuters,PERCENTAGE,20.0,1500.0,285995.32,4.0,-0.08,False
camp-0113,m-039,Services,SMALL,SEASONAL_SPECIAL,Weekend Shoppers,PERCENTAGE,25.0,7500.0,198936.94,18.4,6.6,True
camp-0114,m-039,Services,SMALL,EVENING_REVIVAL,Loyal Champions,PERCENTAGE,10.0,2500.0,191939.31,28.9,3.55,True
camp-0115,m-039,Services,SMALL,EVENING_REVIVAL,Weekend Shoppers,FLAT,49.0,3500.0,222899.53,6.3,0.93,False
camp-0116,m-040,Pharmacy,MEDIUM,WEEKEND_SURGE,Evening Commuters,PERCENTAGE,15.0,3500.0,331722.62,7.0,0.26,False
camp-0117,m-040,Pharmacy,MEDIUM,SEASONAL_SPECIAL,Loyal Champions,PERCENTAGE,15.0,5500.0,296302.34,27.2,7.61,True
camp-0118,m-040,Pharmacy,MEDIUM,EVENING_REVIVAL,Loyal Champions,PERCENTAGE,25.0,2500.0,253914.73,19.0,5.35,True
camp-0119,m-040,Pharmacy,MEDIUM,BASKET_SIZE_UPSELL,Dormant Regulars,PERCENTAGE,10.0,2500.0,261847.35,15.3,4.48,True
camp-0120,m-041,Grocery,SMALL,RETENTION_WINBACK,Loyal Champions,PERCENTAGE,20.0,7500.0,224592.16,15.8,5.54,True
